Paul,Müller,p.m@test.de,22.01.99,34723348
Markus,Meier,p.m@test.de,23.01.99,34723349
Katharina,Schmidt,p.m@test.de,24.01.99,34723350
Sebastian,Velz,p.m@test.de,25.01.99,34723351
Lukas,Weiss,p.m@test.de,26.01.99,34723352
Björn,Schwartz,p.m@test.de,27.01.99,34723353
Eva,Schott,p.m@test.de,28.01.99,34723354
Lisbeth,Schölz,p.m@test.de,29.01.99,34723355
Emma,Mill,p.m@test.de,30.01.99,34723356
Eva,Behring,p.m@test.de,31.01.99,34723357
Anna,Seidle,p.m@test.de,01.02.99,34723358
Claudius,Wehner,p.m@test.de,02.02.99,34723359
